Reference area,TIME_PERIOD,fb_index,n_obs,tonnes_CO2,hectares,tonnes_oil,sq_km,cubic_m
Austria,1998,101.522842639594,1,7937.016943446682,733.85,11905.6,23939.621666666662,463.95
Austria,1999,103.857868020305,1,7659.368320430148,1372.4166666666667,12006.835000000001,23944.827500833333,449.09999999999997
Austria,2000,100.0,1,7965.402535556291,1367.6833333333334,12036.49,23950.033333333336,351.2
Austria,2001,92.6903553299492,1,7776.059371367998,1365.1166666666666,12762.324999999999,23951.99166666667,353.5
Austria,2002,94.2131979695431,1,8602.65910853834,61718.42857142857,12809.625,23953.95,356.3
Austria,2003,89.1370558375635,1,9577.040752035153,64867.24285714286,13515.970000000001,23955.9083325,
Austria,2004,91.7766497461929,1,9191.822388806308,66755.48571428572,13738.38,22469.415383846153,
Austria,2005,93.9086294416244,1,9347.463286982738,69597.1,13859.619999999999,22485.838461538464,
Austria,2006,86.2944162436548,1,9573.036471251216,69341.55714285714,14046.26,22486.107692307694,
Austria,2007,83.3502538071066,1,9279.708273164926,69936.0,13731.435,22491.376923076925,
Austria,2008,80.3045685279188,1,9077.188724323587,71370.95714285715,13751.055,22501.10769230769,
Austria,2009,74.2131979695431,1,8418.237431678988,75133.75714285715,13430.115,22523.06923,
Austria,2010,71.3705583756345,1,8725.460817314311,77995.32142857143,14052.07,22543.953846153847,200.6
Austria,2011,68.7309644670051,1,8532.46397564549,77719.39,13552.435,22545.35230769231,0.0
Austria,2012,69.746192893401,1,8369.037373046569,77196.43142857144,13706.045,22543.750770000002,0.0
Austria,2013,63.9593908629442,1,8719.601077605304,76261.51142857142,13992.71,22537.456923076923,0.0
Austria,2014,60.7106598984772,1,7949.088271482514,76052.61857142857,13481.17,22538.316923076924,454.882
Austria,2015,63.8578680203046,1,8619.889816200946,79855.89714285715,13792.675,22561.330769230768,0.0
Austria,2016,59.2893401015228,1,8435.217261506661,82600.3,14142.25,20982.191429285715,101.65
Austria,2017,61.6243654822335,1,8961.345194852005,89623.12142857142,14248.175000000001,22618.40461615385,100.8425
Austria,2018,56.0406091370558,1,9099.819312922267,92256.81285714285,14059.53,22634.75692384615,101.435
Austria,2019,62.4365482233503,1,9529.07574694246,96914.11857142857,14275.26,22662.00153923077,9.200000000000001
Austria,2020,62.6395939086294,1,8347.94540759061,98096.37428571428,13538.91,22670.553846153845,0.0
Austria,2021,61.4213197969543,1,8858.479541089053,1098.895,14354.875,22673.335384615384,106.1875
Belgium,1990,128.575,2,20355.691736019806,714.6800000000001,16360.814999999999,,0.010526315789473684
Belgium,1991,124.53,2,20811.344337064897,713.6,17334.42,,0.0
Belgium,1992,120.78999999999999,2,20233.585876082023,706.02,17611.975,,0.0
Belgium,1993,117.32,2,19627.321601272924,716.4399999999999,17440.710000000003,,0.0
Belgium,1994,114.125,2,20215.948872472454,739.98,19057.83,,46.33846153846154
Belgium,1995,111.18,2,20931.96428794778,731.74,19518.155000000002,,49.93999999999999
Belgium,1996,108.465,2,20930.02014704098,616.6899999999999,20754.265,,37.27058823529412
Belgium,1997,105.945,2,19870.4051250068,610.165,20484.77,,37.470588235294116
Belgium,1998,103.715,2,20510.737591253655,617.98,20721.96,,37.370588235294115
Belgium,1999,101.785,2,19690.756788920302,626.4250000000001,20803.405,,37.3764705882353
Belgium,2000,100.0,2,19830.75009612202,631.1883333333334,21297.18,8163.750083333333,659.7032630266667
Belgium,2001,98.215,2,20119.210811294713,613.08,21753.795000000002,8165.63925,604.8958614133334
Belgium,2002,96.38,2,20069.6017828804,4684.104285714287,20638.4,8167.528333333333,586.9718175977778
Belgium,2003,94.555,2,19657.014903334628,3943.128571428572,21324.719999999998,8169.417582500001,574.8394466555557
Belgium,2004,92.77,2,21217.997684016285,3910.657142857143,21499.885,7561.052384615385,570.6496993044444
Belgium,2005,91.05000000000001,2,19805.803125117167,3803.957142857143,21465.945,7563.257692307693,556.4168720133333
Belgium,2006,89.47,2,19450.885229357693,4704.728571428571,20919.975000000002,7568.232384615385,573.31174518
Belgium,2007,88.05000000000001,2,19017.916724297742,5175.114285714286,20301.71,7573.1299992307695,551.8466874244444
Belgium,2008,86.665,2,19459.060376086385,5680.085714285714,21598.02,7577.258461538461,547.4803578911111
Belgium,2009,85.205,2,17813.15634385386,6434.733285714286,20058.86,7583.271615384616,536.1193598244445
Belgium,2010,83.625,2,18862.856860079515,7510.423285714286,21744.204999999998,7590.900077692308,530.0726719044445
Belgium,2011,81.995,2,16228.962823683352,8402.766857142857,20161.275,7598.689230769231,451.26800097872336
Belgium,2012,80.345,2,17039.493138305697,9029.250285714286,20399.73,7599.016923076923,442.05897985531914
Belgium,2013,78.71000000000001,2,17001.704491616685,9425.817571428572,21293.63,7601.113846923077,401.43244760625
Belgium,2014,77.1,2,16179.836053265577,10029.226142857142,20308.49,7604.287691538461,392.71897693958334
Belgium,2015,75.50999999999999,2,16782.467793767857,10333.559571428572,20893.975,7605.846154615385,328.19764381041665
Belgium,2016,73.95,2,16573.540260338454,11718.951000000001,21065.225,7610.403153846153,385.38512240625
Belgium,2017,72.425,2,16494.11441148887,12432.544714285714,20778.954999999998,7126.748571428571,366.97804045416666
Belgium,2018,70.92,2,16594.970382379503,13230.547857142858,21043.935,7649.593846923077,344.371209575
Belgium,2019,69.435,2,16504.468010706856,13817.106857142859,20431.02,7650.087922307692,370.65282162499994
Belgium,2020,67.975,2,15204.240896535342,14671.027942857143,19388.829999999998,7651.763308461538,330.6370871520833
Canada,1990,123.82846138048049,2,76926.89890225146,31995.028000000002,80869.23999999999,3098296.0833334164,
Canada,1991,122.7261918058955,2,75910.96488479602,33361.308,80322.63,3098256.7308335,
Canada,1992,120.878987248731,2,79039.73818825997,32960.968,81877.225,3098217.411666333,
Canada,1993,118.4921326939085,2,82292.35553438705,33302.588,83967.54000000001,3098178.0341668334,
Canada,1994,116.166170043345,2,83899.79869084348,33693.71,87025.93000000001,3098138.6566664167,
Canada,1995,113.270291596557,2,85320.38906862919,33344.878,88909.69499999999,3098099.3616669164,10633.373307988888
Canada,1996,110.534119283277,2,87107.53072620156,45652.90666666667,91932.62,3098060.068333,
Canada,1997,107.6535538893355,2,88751.89629682977,245772.08166666667,93033.04000000001,3098020.6074992497,
Canada,1998,104.8794592510655,2,88983.75441108899,495729.375,90806.45999999999,3097981.313334083,
Canada,1999,102.14328693778549,2,90633.70919952435,695435.655,94026.62,3097941.9358329163,
Canada,2000,100.0,2,94450.87305108756,502110.0142857143,92897.405,3097902.5583326668,
Canada,2001,98.52544308768795,2,92222.264332813,539407.8314285714,89743.5,3098329.6425001663,
Canada,2002,97.89463538720406,2,95532.99158243701,587357.6057142857,94339.24,3098756.958333167,
Canada,2003,98.4266288584389,2,97485.33354699766,723224.0042857144,97853.855,3099184.158333833,
Canada,2004,98.920700004684,2,97229.45263451719,861576.9628571429,98909.535,2861596.5615378465,
Canada,2005,99.3691922995161,2,96983.55586297845,931824.3114285714,98705.26,2862019.292307692,1132.2923076923075
Canada,2006,99.0804061381922,2,95020.70730950702,978231.2914285715,97045.55,2862434.169230846,
Canada,2007,97.7199765079754,2,97166.13017781332,1100427.5871428573,99963.625,2862790.430769692,797.6066666666667
Canada,2008,96.30631149992254,2,94800.49435647338,1196683.5271428572,98191.31499999999,2863240.3846153845,
Canada,2009,95.0446960989547,2,87315.40866127313,1292789.1557142858,93836.965,2863692.492308077,821.47775
Canada,2010,93.62337456447875,2,91170.57573729187,1393143.1642857143,96190.705,2864086.753846077,
Canada,2011,92.7493595540839,2,92551.7316356805,1627504.84,99745.59000000001,2864586.846154077,885.0507142857142
Canada,2012,92.30086725925179,2,91708.97798751932,1797971.8442857142,99127.80500000001,2864975.553845846,
Canada,2013,91.8600314908428,2,93097.67268600229,1688764.23,100445.04999999999,2865397.107692769,935.9093333333333
Canada,2014,91.2748026417718,2,90893.22752341701,1807826.24,101109.195,2865818.1230764613,
Canada,2015,91.31272496676165,2,93286.37350937819,1727553.434285714,100855.745,2866243.6000003847,880.6073333333334
Canada,2016,91.0086257525915,2,89881.46870811716,1746977.6314285714,101540.25,2675672.0571432146,
Cyprus,2006,100.0,2,1317.9189478455155,407.66,830.405,2274.8923073153846,
Cyprus,2007,111.5,2,1333.5372224256253,461.58666666666664,863.1350000000001,2275.2192305923077,
Cyprus,2008,94.5,2,1357.2441862729308,450.16833333333335,889.1899999999999,2275.0846927076923,
Cyprus,2009,72.0,2,1323.7267278600382,592.5616666666666,885.2099999999999,2276.388462153846,
Cyprus,2010,86.0,2,1281.9756233696087,587.6916666666667,881.4350000000001,2276.484692323077,
Cyprus,2011,82.5,2,1241.370537417539,588.2766666666666,857.9749999999999,2276.4615377153846,
Cyprus,2012,96.5,2,1166.5730039491837,711.4566666666666,782.47,2276.6923073307694,
Cyprus,2013,130.5,2,1059.7412577333605,772.4066666666666,716.625,2276.976922707692,
Cyprus,2014,107.5,2,1103.366997889423,701.0416666666666,716.435,2276.723076553846,
Cyprus,2015,125.0,2,1112.4843998837882,846.0666666666666,741.44,2277.3153844384615,
Cyprus,2016,125.5,2,1184.252956849067,980.9116666666667,783.82,2117.554285764286,
Cyprus,2017,121.0,2,1195.4878456207366,996.5766666666667,814.925,2277.9553847230773,
Cyprus,2018,124.0,1,1181.9580828710034,1069.605,806.195,2278.1600004615384,
Cyprus,2019,124.0,1,1137.9948242107325,1102.3983333333333,828.2700000000001,2278.3184611153847,
Cyprus,2020,133.0,1,1140.124743122763,1049.7933333333333,778.81,2278.044614930769,
Cyprus,2021,122.0,1,1162.7980349873287,1364.9716666666666,813.345,2279.3146159384614,
Cyprus,2022,88.0,1,1177.6227271326925,1352.48,818.855,2279.194615446154,
Cyprus,2023,90.0,1,1197.543044073262,1807.1716666666669,824.4399999999999,2281.1584612,
Cyprus,2024,109.0,1,,1894.695,,1145.7866666666666,
Czechia,1990,108.43,2,29905.82894890958,2406.2,17257.82,25.0,374.6
Czechia,1991,112.4825,2,27016.464840988425,2398.2,15378.305,24.9999975,
Czechia,1992,116.1765,2,25985.726561602685,2395.4,15115.395,25.0,
Czechia,1993,118.85149999999999,2,24901.463996547205,2394.6,14657.765,21831.847500833333,
Czechia,1994,120.232,2,23566.222701246807,2391.4,14000.795,21833.996666333333,
Czechia,1995,119.64600000000002,2,22345.028804985,2387.6,14334.52,21836.145917083333,262.36
Czechia,1996,115.5,2,22813.61323883151,2387.0,14376.84,21838.295000416667,252.56
Czechia,1997,109.18100000000001,2,22165.39109353391,2385.5199999999995,14008.235,21840.444167083333,241.6
Czechia,1998,103.5555,2,21276.845622638353,2362.12,13460.08,21842.593250583333,231.95999999999998
Czechia,1999,100.405,2,19814.685487438768,2378.2200000000003,13112.835,21844.74249941667,225.68
Czechia,2000,100.0,2,21212.344991117083,2314.21,13389.54,21846.89166725,221.64000000000001
Czechia,2001,100.1106194690265,2,21321.107053799053,2309.866,13661.115,21848.120083166665,214.24
Czechia,2002,100.10468882150289,2,20745.056524123283,2021.42,13395.295,21849.34833333333,218.11999999999998
Czechia,2003,99.98220805742915,2,20984.36342165794,44185.96333333334,13954.455,21850.57658333333,218.88000000000002
Czechia,2004,99.74021185304375,2,21267.399772939396,45024.915,14338.805,20371.896922307693,217.4
Czechia,2005,99.6058697939228,2,21000.89438923613,37887.138571428564,14247.494999999999,20365.876923076925,212.64000000000001
Czechia,2006,99.46856241104025,2,21228.90232123565,38026.270000000004,14355.18,20365.472307692307,248.2196956521739
Czechia,2007,99.21767023536916,2,21486.32470237221,44072.05428571429,13918.720000000001,20388.144616153848,250.0861304347826
Czechia,2008,98.79788353239704,2,20554.502653605137,48352.73714285714,14024.245,20433.893846153846,255.75626086956524
Czechia,2009,98.2121676258844,2,19305.928557345273,56158.83,13428.529999999999,20478.104615384615,255.1695652173913
Czechia,2010,97.4022474575572,2,19398.989434884654,64274.68571428571,13690.98,20516.16153923077,255.5304347826087
Czechia,2011,96.5370175547165,2,18905.036111065983,67879.62571428572,13203.765,20545.06923153846,247.9608695652174
Czechia,2012,95.38930833178614,2,18355.365786851136,68761.45571428571,13250.42,20541.669230769232,239.64347826086959
Czechia,2013,94.24159910885585,2,17759.01186621229,69482.70142857142,13122.055,20542.115384615383,208.6695652173913
Czechia,2014,93.03858015141205,2,17363.59192449063,69140.26142857144,12899.414999999999,20544.869230000004,209.27391304347827
Czechia,2015,91.6083916083916,2,17406.418602405134,69792.94714285714,13003.545,20549.930769230767,200.06521739130434
Czechia,2016,90.11992800709615,2,17826.69978121229,71168.9,12971.965,19115.687142142855,208.49565217391302
Czechia,2017,88.57615467128744,2,18099.176344553376,72265.93000000001,13898.805,19130.010000000002,205.6695652173913
Czechia,2018,86.8634868081771,2,18175.717180308457,75641.14142857143,13757.985,19146.475714285712,197.11739130434782
Czechia,2019,85.09550921055344,2,18006.44787237248,77823.28,13776.974999999999,19163.73,185.06956521739133
Czechia,2020,83.32753161292985,2,16913.554515181608,78565.15428571428,13252.765,19174.44414285714,164.03478260869565
Czechia,2021,81.39065948800464,2,17377.470766658833,79767.81285714285,14206.435,19195.833929285716,161.49565217391304
Czechia,2022,79.3984776285661,2,16751.7389030748,81898.28142857143,13506.055,19218.333071428573,177.4217391304348
Czechia,2023,77.4062957691276,2,14480.875751381704,83175.97571428571,12584.279999999999,19243.838571428572,155.59130434782608
Czechia,2024,75.35880417517585,2,,81980.8642857143,,19728.806666666667,136.9304347826087
Denmark,1990,122.26237296952499,2,10197.538907394057,1629.5400000000002,6952.4,10694.533333333335,266.7
Denmark,1991,111.823930711522,2,11493.605365967182,1628.98,7368.9349999999995,10697.88,440.6
Denmark,1992,107.7682393961295,2,10583.095015325825,1611.6,7264.799999999999,10701.226666666667,429.8
Denmark,1993,112.1381014756295,2,10775.937583071302,1586.86,7504.765,10704.573333333332,245.6
Denmark,1994,109.773981191627,2,10988.442648977094,4770.733333333334,7487.16,10707.92,235.8
Denmark,1995,109.6061502933815,2,10651.155499860773,1590.3,7629.8,10711.266666666666,470.0
Denmark,1996,109.2241285153505,2,12177.815622347129,1470.7666666666667,7944.3150000000005,10714.613333333333,509.0
Denmark,1997,106.508347374083,2,11053.496009638693,1453.5333333333335,7758.88,10717.96,464.7
Denmark,1998,107.32842780605,2,10565.88851573771,14565.4,7688.17,10721.306666666665,440.1
Denmark,1999,108.10120943711,2,10241.80506865382,1470.1666666666667,7650.514999999999,10724.653333333334,422.0
Denmark,2000,100.0,2,9695.886096018874,1297.1666666666667,7486.905,10728.0,419.9
Denmark,2001,104.811025124364,2,9856.679776320656,1313.4166666666667,7661.085,10729.228333333334,330.9
Denmark,2002,97.67833500211415,2,9894.689814147938,26027.014285714286,7541.705,10730.456666666667,1147.0875
Denmark,2003,98.22749393536675,2,10481.019501655286,24697.77142857143,7695.295,10731.685,1248.9
Denmark,2004,96.32358618449754,2,9745.4861646467,23246.942857142858,7767.97,10026.458461538463,1116.275
Denmark,2005,91.4035173078881,2,9204.627697988095,20291.87142857143,7802.365,10011.592307692308,158.5
Denmark,2006,96.6383876955154,2,10170.541927697932,20855.442857142858,7903.465,10015.787692307693,152.36666666666667
Denmark,2007,90.6540886551864,2,9621.693392780211,20846.914285714283,7909.21,10026.244615384614,409.7
Denmark,2008,90.2623606967581,2,9063.604053448911,22561.928571428572,7802.74,10027.30153846154,406.7
Denmark,2009,94.58316601048065,2,8681.658159088809,23446.7,7486.22,10033.281538461539,385.6
Denmark,2010,89.67117740261884,2,8626.156439116075,24386.12857142857,7850.9,10039.415384615384,61.5784375
Denmark,2011,87.48778347790346,2,7927.529100111519,24281.925714285717,7475.9800000000005,10044.710769230769,62.531875
Denmark,2012,89.2931957427286,2,7326.168257325491,28924.02,7197.94,10060.39076923077,57.1575
Denmark,2013,89.3755033784717,2,7505.028871554229,25285.414285714283,7109.290000000001,10061.84,66.015625
Denmark,2014,96.49903261366825,2,7025.161094660347,24790.914285714283,6810.254999999999,10070.66223076923,66.2028125
Denmark,2015,90.23312528368456,2,6611.243550195297,24918.86857142857,7069.835,10078.994692307691,61.650625
Denmark,2016,82.19951604972115,2,6933.2480358854355,30371.385714285716,7207.764999999999,9401.392857142857,58.5396875
Denmark,2017,82.30690443567285,2,6633.7358549594865,33423.74285714286,7216.52,10125.876846153846,58.775
Denmark,2018,81.03810496994996,2,6757.265987262456,37770.82857142857,7185.45,9454.521357142858,72.1875
Denmark,2019,82.53200297681289,2,6188.5282133503615,42702.58571428571,7015.705,10175.399922692306,62.1303125
Denmark,2020,84.0591613079749,2,5852.339861381454,43947.94285714285,6765.73,9496.221428928571,62.38
Denmark,2021,83.7731747023624,2,5862.71229756088,44387.701428571425,7093.504999999999,9514.055714285714,63.254374999999996
Denmark,2022,75.17165114402844,2,5612.400659394795,43959.78428571428,6678.495,9513.31857142857,55.845555555555556
Denmark,2023,76.95986814530269,2,5136.3269716062605,43796.48714285714,6629.88,9521.152857142859,58.08166666666667
Denmark,2024,73.05452429451981,2,,1265.735,,4270.573333333333,47.94694444444445
Estonia,1990,109.8395,2,5792.142932099264,768.5600000000001,3125.63,,
Estonia,1991,104.62950000000001,2,4975.892169024932,775.74,3079.91,,
Estonia,1992,105.376,2,3502.1531310238142,774.9,1980.175,12686.248333833333,
Estonia,1993,107.527,2,2640.2460481366793,743.6800000000001,1612.2199999999998,12688.997416166667,
Estonia,1994,89.8865,2,2743.501180927722,632.3399999999999,1577.615,12691.746749666667,
Estonia,1995,80.0935,2,2416.7901424828865,573.4,1433.49,12694.495833250001,
Estonia,1996,89.27449999999999,2,2514.4670366446553,581.1,1575.3899999999999,12697.245000083334,
Estonia,1997,95.87299999999999,2,2458.70866653054,589.6,1543.2,12699.9941665,
Estonia,1998,87.8195,2,2261.2613272096146,419.25999999999993,1438.495,12702.743333083332,
Estonia,1999,85.7975,2,2192.5589040509576,574.62,1317.235,12705.492500083334,5.6
Estonia,2000,100.0,2,2182.2836850669055,565.2,1311.14,12708.241666,17.25
Estonia,2001,89.5875,2,2247.31343312244,495.36,1453.0900000000001,12716.335833416668,14.6375
Estonia,2002,101.57050000000001,2,2265.9731808672477,399.38,1407.415,12724.42999925,14.6375
Estonia,2003,93.8735,2,2602.2845294211033,442.7,1476.38,12732.524167166666,15.385714285714286
Estonia,2004,97.3925,2,2428.3174473465374,414.88,1532.33,11795.186153692308,13.1375
Estonia,2005,98.528,2,2308.8631076904303,10346.35,1566.7099999999998,11812.965384692307,1.4285714285714286
Estonia,2006,97.77850000000001,2,1981.9886426564317,12537.833333333334,1580.1000000000001,11830.744615384614,0.6666666666666666
Estonia,2007,95.918,2,2395.8391858133577,13657.716666666667,1672.4,11843.908461846153,0.6666666666666666
Estonia,2008,98.7165,2,2162.2499834325454,14957.166666666666,1653.82,11857.53384623077,4.1875
Estonia,2009,79.29050000000001,2,1747.617895570962,17458.566666666666,1465.51,11872.544000076923,1.1428571428571428
Estonia,2010,71.66799999999999,2,2369.5393203556396,20683.350000000002,1534.29,11898.47692323077,341.6277777777778
Estonia,2011,72.35549999999999,2,2483.3429934182127,22715.3,1488.585,11921.615307538461,350.1888888888889
Estonia,2012,81.3275,2,2488.671249836139,24097.716666666664,1514.7150000000001,11942.446152923078,281.41999999999996
Estonia,2013,84.775,2,2829.2814692139127,25619.649999999998,1559.62,12135.584615076923,348.29999999999995
Estonia,2014,85.1805,2,2788.9516372682156,26357.95,1508.4199999999998,12152.261538153845,310.3780666666667
Estonia,2015,80.904,2,2442.399754568471,26408.816666666666,1489.985,12165.553922846155,303.68933333333337
Estonia,2016,73.483,2,2734.412142367446,30589.975000000002,1498.505,11370.577142785714,324.3206666666667
Estonia,2017,76.84649999999999,2,2886.577252345864,33179.10833333333,1544.66,12092.920076615384,321.75333333333333
Estonia,2018,69.6325,2,2933.0667843125284,34872.23333333333,1570.225,12104.218615769232,271.9981375
Estonia,2019,71.914,2,2211.5259180977314,37232.443333333336,1533.58,12118.54546153846,109.86697664285714
Estonia,2020,74.969,2,1632.0915807068868,37243.625,1508.84,12122.046076846154,91.72726564285713
Finland,1990,108.9,1,7346.956045091302,2402.5166666666664,11622.665,97181.94166695,424.0
Finland,1991,120.61,1,5997.422772033095,3480.433333333333,11472.394999999999,97229.462499625,416.0
Finland,1992,122.42,1,6299.662281169149,3904.75,11503.855,97276.99083293334,419.5
Finland,1993,104.55,1,6530.037986183747,4502.616666666667,11457.96,97324.51999915001,419.0
Finland,1994,114.93,1,7819.474439665408,5459.833333333333,11990.4,97372.04250026667,419.0
Finland,1995,113.86,1,7460.824594629371,8527.033333333333,11565.24,97419.57166675001,412.0
Finland,1996,98.66,1,7672.535112089711,13000.157142857144,11747.465,97467.10000003333,419.0
Finland,1997,99.31,1,7896.8286607823375,15538.714285714286,12068.96,97514.62916658918,416.0
Finland,1998,110.48,1,7593.3964695684,17536.885714285712,12511.43,97562.15000075001,404.0
Finland,1999,100.58,1,7488.4570962136395,20463.885714285716,12512.314999999999,97609.67083251166,1473.6
Finland,2000,100.0,1,7279.997833633322,21980.72857142857,12515.18,97657.19916580418,2186.6666666666665
Finland,2001,102.5,1,7912.938902422614,22080.22857142857,12719.73,97640.23166687916,2186.6666666666665
Finland,2002,98.24,1,8137.942264043602,23342.27142857143,13094.775000000001,97623.26166714584,2884.6666666666665
Finland,2003,99.85,1,9062.384658575638,23813.22857142857,13253.69,97606.29166640417,2944.0
Finland,2004,84.19,1,8446.54797940463,24107.428571428572,13363.01,90207.06000068077,2731.6666666666665
Finland,2005,95.32,1,6913.87883009238,22053.242857142857,12947.405,90179.86538518462,2507.6666666666665
Finland,2006,83.0,1,8029.378872841169,21647.028571428575,13558.525,90111.11769178462,
Finland,2007,98.42,1,8609.034901816114,22224.014285714286,13639.685,90093.9146153077,
Finland,2008,90.29,1,7349.306631341519,22460.87142857143,13153.53,90050.55769256923,
Finland,2009,85.41,1,5952.546415928326,24717.571428571428,12359.0,90046.43384553076,
Finland,2010,83.86,1,7951.376525623032,25143.899999999998,13530.189999999999,90033.07692272308,
Finland,2011,93.96,1,6997.487841074157,27859.285714285714,12790.03,90071.84769256154,210.9333333333333
Finland,2012,80.32,1,6126.896270364951,29224.64285714286,12904.625,90105.23307671538,453.98999999999995
Finland,2013,89.04,1,6780.090423405136,30149.18571428571,12879.315,90137.07461581539,163.19333333333333
Finland,2014,86.54,1,6186.157654804408,31059.714285714286,12816.225,90166.61384653076,194.28333333333333
Finland,2015,91.57,1,6163.412522726866,33146.357142857145,12552.065,90208.15384649616,186.0583333333333
Finland,2016,88.19,1,6928.02056126645,35004.95714285714,13107.839999999998,83947.14499990286,198.78333333333333
Finland,2017,79.39,1,6863.847854649692,38008.5,13130.57,90277.15230773001,191.1157
Finland,2018,73.78,1,7878.023908416834,43461.42857142857,13265.06,90327.53999931924,213.143
Finland,2019,72.11,1,7125.166722589381,44754.07142857143,13173.905,90357.46692273462,225.4317272727273
Finland,2020,82.29,1,6367.16065070203,46147.514285714286,12439.92,90387.07692305384,266.47590909090906
Finland,2021,86.12,1,7500.135302543897,47788.18571428571,13066.84,90426.87692314154,249.5609090909091
Finland,2022,74.06,1,7279.4807709694505,49462.07142857143,12205.635,90406.95384698384,244.9781818181818
Finland,2023,84.3,1,6674.462849098447,44733.05714285715,11639.070000000002,90383.46153836769,230.51399999999998
Finland,2024,79.32,1,,44472.54285714286,,150286.66666666666,226.51527272727273
Finland,2025,85.14,1,,0.0,,150286.66666666666,
Flemish Region,1990,146.0,1,,,,,
Flemish Region,1991,145.1,1,,,,,
Flemish Region,1992,121.7,1,,,,,
Flemish Region,1993,134.6,1,,,,,
Flemish Region,1994,123.7,1,,,,,
Flemish Region,1995,120.5,1,,,,,
Flemish Region,1996,125.4,1,,,,,
Flemish Region,1997,117.0,1,,,,,
Flemish Region,1998,112.9,1,,,,,
Flemish Region,1999,116.9,1,,,,,
Flemish Region,2000,100.0,1,,,,,
Flemish Region,2001,121.2,1,,,,,
Flemish Region,2002,92.3,1,,,,,
Flemish Region,2003,88.2,1,,,,,
Flemish Region,2004,101.3,1,,,,,
Flemish Region,2005,90.5,1,,,,,
Flemish Region,2006,97.2,1,,,,,
Flemish Region,2007,100.0,2,,,,,
Flemish Region,2008,99.5,2,,,,,
Flemish Region,2009,96.0,2,,,,,
Flemish Region,2010,99.5,2,,,,,
Flemish Region,2011,101.5,2,,,,,
Flemish Region,2012,102.5,2,,,,,
Flemish Region,2013,98.5,2,,,,,
Flemish Region,2014,94.5,2,,,,,
Flemish Region,2015,96.0,2,,,,,
Flemish Region,2016,93.5,2,,,,,
Flemish Region,2017,92.0,2,,,,,
Flemish Region,2018,90.5,2,,,,,
Flemish Region,2019,90.5,2,,,,,
Flemish Region,2020,90.0,2,,,,,
Flemish Region,2021,90.0,2,,,,,
Flemish Region,2022,86.0,2,,,,,
Flemish Region,2023,85.3,2,,,,,
Flemish Region,2024,85.26,2,,,,,
France,1990,133.571896853147,2,59112.347863761155,24209.516666666666,72524.185,147620.5,
France,1991,112.3502002030225,2,61864.24551300979,25341.95,77735.475,147691.49916583332,
France,1992,114.00962948342,2,60814.83342688264,28299.566666666666,78283.47,147762.5,
France,1993,107.201316828333,2,58169.69989709304,28298.95,76585.595,147833.50083333332,
France,1994,108.2333493119785,2,55351.33400640699,27783.0,75827.99500000001,147904.5,
France,1995,105.34926263252899,2,55761.55569944329,28450.316666666666,77399.36,147975.4983325,
France,1996,104.7460100383485,2,57160.127713844864,31146.61666666667,80466.395,148046.49916666668,
France,1997,108.61084480036101,2,56223.82811049421,33657.416666666664,79855.02,148117.49916666668,
France,1998,107.5176587525375,2,57562.801960757126,49727.85,81187.135,148188.5,
France,1999,100.97369868035196,2,56759.09661708828,56451.75714285714,81382.84999999999,148259.50083333332,
France,2000,100.0,2,57434.79318340887,62839.631428571425,82659.67,148330.58416666667,
France,2001,101.07521007218566,2,57003.255205361,71207.95714285715,85222.08499999999,148424.83416666667,
France,2002,109.41076731214906,2,55588.6747389421,85217.12857142858,83789.205,148519.08166583334,
France,2003,108.56189599077595,2,55578.628046171034,89951.5,85445.30500000001,148638.33333333334,
France,2004,102.39073192057455,2,55420.59756845291,87509.74285714285,86472.545,137679.38384615385,
France,2005,107.22314029380601,2,55620.63139820276,89859.52857142857,85878.855,137779.00076923077,
France,2006,102.57206817993546,2,54494.32317568468,112996.2,84761.435,137867.77076923076,
France,2007,107.83920146371159,2,53781.00670072588,90750.78571428571,83139.35500000001,137958.07615384617,
France,2008,101.935314721965,2,53494.73945483009,94537.34857142856,83492.97,138065.23153923076,172363.75
France,2009,94.92365345032991,2,52270.93326120253,137915.448,80182.34,138223.84538384614,159386.0
France,2010,100.76956065954761,2,52391.31522076762,132009.80285714284,81944.405,138440.8453846154,174454.25
France,2011,98.5665135514052,2,49726.652637560626,150583.01857142855,80267.755,138602.23076923078,127577.0
France,2012,100.27884530063724,2,49807.756557475994,158302.37714285712,82218.58499999999,138710.76846153845,207465.0
France,2013,95.4923286097239,2,49265.444481517465,162641.2185714286,83662.14499999999,129262.78714285714,237389.5
France,2014,92.69456019381576,2,46398.51502586185,170920.19714285713,78269.34000000001,129363.78499928571,213576.3512775
France,2015,98.66006701551964,2,47007.391923389,200066.90142857144,79437.91500000001,129569.07142857143,189597.302705
France,2016,93.87074711742295,2,47503.19595196066,230721.39714285714,80482.33499999999,129795.06714285714,214505.4732275
France,2017,91.810124204824,2,48288.57407311177,260303.02714285714,80022.17499999999,139610.69461538462,169447.21037
France,2018,86.8518932534372,2,45573.49675154431,301611.2214285714,78308.99,139913.00153923078,202787.9390775
France,2019,86.06365747983615,2,44746.92758141883,331136.58,77464.67,140150.23153846155,165343.0460075
France,2020,87.41339347392599,2,40399.27623629303,370406.21714285715,71280.78,134698.64214285713,169196.7071925
France,2021,88.80459897528354,2,43030.4262811342,402677.47428571427,77951.89,145094.30615384615,206142.2863925
France,2022,82.7837318683768,2,41346.649255542776,413805.5714285714,73219.94,145222.92923,135363.7418162
France,2023,80.68050462879799,2,38325.2105555451,406068.0571428571,70138.98,145250.02615384615,
Germany,1990,134.415,2,147504.72666946083,14934.233333333332,121604.995,97360.83333416667,
Germany,1991,125.865,2,138238.2374097526,9216.02,120328.035,97365.33333333333,2034.0
Germany,1992,118.515,2,132092.96738967343,9121.560000000001,117332.01999999999,97369.83333333333,
Germany,1993,122.825,2,130383.20216200755,9281.42,117225.695,97374.33333333333,
Germany,1994,123.605,2,128802.65875137501,53155.18333333333,115782.945,97377.99999916666,
Germany,1995,107.815,2,128886.94820060735,59372.950000000004,117647.47,97382.49999916666,512.2769230769231
Germany,1996,114.93,2,130934.58229984228,66974.86666666667,122057.11499999999,97386.16666666667,
Germany,1997,107.505,2,126717.12135989452,72889.96666666666,120542.83,97384.0,
Germany,1998,99.225,2,123617.69473721397,77391.05,120159.51999999999,97383.5,1060.7166666666667
Germany,1999,106.17500000000001,2,120249.07967049684,83111.33333333333,116996.16500000001,97381.3333325,
Germany,2000,100.0,2,121026.19455884853,98691.66666666667,115847.15000000001,97380.83333416667,
Germany,2001,97.93,2,122242.42226163587,113514.09999999999,117850.44,97377.08333333333,749.5153846153846
Germany,2002,92.38499999999999,2,122046.65407895397,123819.36666666665,116106.355,97375.83333333333,
Germany,2003,89.52,2,121826.31664900505,130011.41666666667,117643.26000000001,97372.08333333333,
Germany,2004,92.265,2,118157.54243519573,135671.16666666666,117244.095,90471.46153923078,742.376923076923
Germany,2005,91.86,2,116382.98843539796,121987.77142857143,115933.72,90507.61538461539,
Germany,2006,89.285,2,117219.18265528268,124635.3857142857,118356.62000000001,90520.38461538461,
Germany,2007,86.975,2,111920.64224305219,130571.40000000001,111502.15000000001,90547.53846153847,534.52
Germany,2008,90.91,2,112467.75862584304,136704.37142857144,115440.06,90579.07692384617,
Germany,2009,83.53999999999999,2,104964.33880905402,141862.25714285715,108900.58,90611.23076923077,
Germany,2010,84.11000000000001,2,108634.89036606395,148023.79857142858,116594.575,90643.61538461539,2832.551525
Germany,2011,80.545,2,105411.18350446537,151591.61428571428,111168.66,90665.75384615385,1508.4918499999999
Germany,2012,87.32000000000001,2,106940.87096572075,143599.67142857143,112517.675,90682.89307615385,1377.51385
Germany,2013,84.15,2,108759.41440241146,150628.2857142857,115082.40000000001,90760.4923076923,2099.5651975749997
Germany,2014,81.11500000000001,2,104956.5678159081,154189.52857142856,109612.81,90772.70769230768,1235.1792076
Germany,2015,86.09,2,105599.8833659333,157971.57142857142,111183.59,90804.0,1219.9650950999999
Germany,2016,84.66,2,105282.33592557396,168745.68571428573,112920.54,84505.42857142857,2000.0889856000001
Germany,2017,81.045,2,103061.30303236953,169088.0142857143,114154.79,90940.99999923076,1175.9852388
Germany,2018,78.925,2,105793.74990087839,180931.7285714286,113161.04999999999,91010.0769223077,1131.9604363
Germany,2019,81.73,2,98643.53061274221,190868.97142857144,112730.695,91068.76923076923,1637.9065861000001
Germany,2020,87.95,2,91531.08823006725,233715.9,109242.345,91305.46153846153,870.2679122
Germany,2021,90.14,2,93668.80689953541,235193.88571428572,111886.36,91315.76922999999,915.7822075
Germany,2022,87.66,2,93249.91443419202,239433.07142857142,105924.34000000001,91318.84615384616,1399.54135375
Germany,2023,86.5,2,83916.78594259592,270757.6142857143,99481.5,85099.35714285714,
Greece,2007,100.0,2,16814.883175614745,41565.62,11462.07,33019.484615384616,312.775
Greece,2008,101.36113052411756,2,16289.800623072166,47181.14,11158.744999999999,33094.015384615384,
Greece,2009,109.09705972584806,2,15416.01963918325,48622.91428571429,10756.71,33101.46923153846,
Greece,2010,99.64016938578786,2,14653.775446709566,46235.48285714286,10141.915,33089.692307692305,3419.023
Greece,2011,104.249895650027,2,14297.069031406516,32473.664285714283,9869.055,33067.338461538464,1777.31
Greece,2012,93.6676855322911,2,13870.645078493411,67981.63285714286,8707.93,33323.2923076923,1829.5104545454546
Greece,2013,94.92101550688571,2,12726.587047463649,56736.06428571429,7805.87,33320.63076923077,2096.308636363636
Greece,2014,102.82255696227205,2,12319.058666931358,53841.64571428572,7882.635,33362.66153846154,1821.385909090909
Greece,2015,93.39886766737794,2,11714.004214127623,60125.33285714286,8349.375,33454.69230846154,2058.8663636363635
Greece,2016,88.32957648113825,2,11193.746909710482,50903.53857142857,8365.710000000001,31118.235715,2003.9205714285715
Greece,2017,90.620656130562,2,11686.228033475365,60508.60428571428,8289.7,33661.553846153845,1743.527523809524
Greece,2018,88.4300607674839,2,11213.118399365621,72329.02857142857,7993.735000000001,33827.29307692307,2023.1741904761907
Greece,2019,102.77044631118235,2,10350.025598608247,77437.74142857142,8121.075,33957.37846153846,1717.4877142857142
Greece,2020,91.11607544109646,2,9075.90620554995,78309.08857142857,7590.82,34064.17615384615,1567.2804285714287
Greece,2021,107.674606012863,2,9343.7552815298,92746.43285714286,7753.6849999999995,34064.17538461538,2104.4081137666667
Greece,2022,84.0448341052028,2,9302.286637894096,2270.46,7946.43,34364.347692307696,1646.4423172857144
Greece,2023,83.14427272790829,2,8662.931728920872,2233.943333333333,7809.7,34364.34792307692,1674.9495025714289
Greece,2024,90.68473254928155,2,,2120.3250000000003,,31752.0,1524.3557099047619
Hungary,1999,102.0,2,9425.465050943245,7472.8,8956.885,24319.536250416666,139.7125
Hungary,2000,100.0,2,9128.712642135293,9993.828571428572,8945.759999999998,24298.475333333332,505.1000000000001
Hungary,2001,98.5,2,9226.696712309706,13645.328571428572,9240.375,24308.909750000003,451.1333333333334
Hungary,2002,97.5,2,9097.289636374382,17342.542857142857,9362.59,24319.345,466.93333333333334
Hungary,2003,96.5,2,9256.404631751313,18981.457142857143,9615.49,24329.780165833334,486.3333333333333
Hungary,2004,95.5,2,9194.68151795508,21334.14285714286,9630.245,22566.790385384615,428.59999999999997
Hungary,2005,95.5,2,8949.336650865709,20701.614285714284,10516.585000000001,22571.015153846154,140.48
Hungary,2006,95.5,2,8929.763929504485,19854.542857142857,10365.845,22575.67846153846,370.143
Hungary,2007,96.5,2,8703.789395321888,17570.542857142857,9886.939999999999,22584.46477,375.656
Hungary,2008,97.5,2,8336.893249234636,19854.471428571425,9773.695,22594.766538461536,426.9015
Hungary,2009,98.0,2,7729.000647820811,22348.785714285714,9509.745,22763.944384615384,323.25966666666665
Hungary,2010,98.5,2,7793.866535306847,20382.86142857143,9730.345000000001,22763.83846192308,103.97
Hungary,2011,99.5,2,7640.068899964197,19927.397142857142,9612.17,22763.596923153847,103.11999999999998
Hungary,2012,102.5,2,7201.331470048168,20811.745714285713,9083.300000000001,22770.586153923075,1444.8818181818183
Hungary,2013,106.0,2,6919.262683961943,20871.98285714286,9195.935,22773.113846230768,1378.1237272727274
Hungary,2014,110.0,2,6873.448960335214,19996.068571428572,9155.325,22882.641538615382,97.87929999999999
Hungary,2015,113.5,2,7213.957787795451,20694.932857142856,9719.724999999999,22888.861539384616,101.47
Hungary,2016,116.0,2,7405.270878360273,28781.68571428571,9925.07,21320.897143000002,101.2159
Hungary,2017,119.0,2,7598.973655372882,30691.62142857143,10363.570000000002,22941.532308,105.0095
Hungary,2018,121.5,2,7634.536248618865,32077.028571428575,10372.22,22948.40615346154,105.49173
Hungary,2019,122.5,2,7559.351910156278,45464.43142857143,10403.26,23019.972308153847,107.04936000000001
Hungary,2020,123.0,2,7184.059612662451,45097.840000000004,10292.8,23018.023000153848,107.53298199999999
Hungary,2021,123.0,2,7314.519869163798,43997.548571428575,10963.480000000001,23016.67023076923,109.33922
Hungary,2022,122.5,2,6808.428016195141,47854.72285714286,10193.064999999999,23042.050077153843,1021.6382379375
Hungary,2023,121.5,2,6225.661805555089,47816.72857142857,9596.16,21462.2857145,1131.6564557058825
Hungary,2024,119.5,2,,46062.21,,13875.306666666665,1130.7118532352943
Ireland,1998,88.4056903672846,1,9231.837099320384,1652.75,4865.5,17843.84666675,
Ireland,1999,92.091070528002,1,9362.885011004992,1652.6833333333332,5112.655000000001,17857.9066665,
Ireland,2000,100.0,1,9620.030978445517,1654.5999999999997,5536.465,17871.966666583332,
Ireland,2001,97.6758151653346,1,9955.06003938867,1668.1166666666668,5649.71,17879.468333083332,
Ireland,2002,98.5628964841289,1,9681.634862668547,6502.583333333333,5628.490000000001,17886.970000166668,
Ireland,2003,91.3359852291113,1,9803.802746373083,6297.243333333333,5658.514999999999,17894.471666333335,
Ireland,2004,98.9717125066185,1,9600.452396795601,6633.001666666667,5855.0650000000005,16548.51384584615,
Ireland,2005,101.764945755926,1,9769.133207375484,7333.420000000001,6257.349999999999,16558.669230769232,
Ireland,2006,103.872044759815,1,9642.297587284342,7705.301666666666,6388.335,16567.440000384617,
Ireland,2007,106.875696269633,1,9895.935370232226,8356.156666666668,6248.375,16577.287692384616,609.0
Ireland,2008,108.670050059387,1,9335.76689923638,7508.827142857143,6384.84,16585.52000053846,
Ireland,2009,105.343631741714,1,8604.592769625671,8216.75857142857,5832.15,16596.367692692307,
Ireland,2010,101.452690727891,1,8661.990715196118,8204.698571428571,5835.755,16603.29230746154,
Ireland,2011,103.023448190049,1,8430.534719338577,8205.00857142857,5405.39,16613.260000384616,669.0
Ireland,2012,100.262866039225,1,8084.912358204166,8905.782857142856,5295.62,16617.458461615384,0.0
Ireland,2013,96.7245918053255,1,8466.44026228406,9034.708571428571,5323.955,16625.579999999998,0.0
Ireland,2014,106.68866442898,1,8507.258168526245,8752.474285714286,5241.425,16627.470769230767,0.0
Ireland,2015,108.593736509958,1,8783.700411044847,11764.944285714286,5402.865,16648.976923538463,0.0
Ireland,2016,107.373735404804,1,9015.356325946173,12297.771428571428,5630.665,16657.769231076923,0.0
Italy,2000,100.0,2,65916.49724185695,185284.4833333333,65871.585,81441.46000083334,
Italy,2001,91.595,2,65280.15601922223,8374.36,67338.51,81496.3575,
Italy,2002,99.925,2,65680.58104548369,201653.35,67488.955,81551.25583416667,
Italy,2003,93.55000000000001,2,68596.60314227306,182123.44999999998,70529.34000000001,81606.15416666666,
Italy,2004,92.43,2,68681.21759455065,165786.83333333334,70453.93000000001,76113.27923153846,
Italy,2005,88.17500000000001,2,68679.88985582915,184832.63333333333,72147.655,76250.8776923077,1695.83
Italy,2006,89.63,2,67418.11342049953,197438.7666666667,71416.975,76363.86076846154,
Italy,2007,100.78,2,68578.60215670137,198186.4,70780.51,76416.07461538461,
Italy,2008,98.42500000000001,2,65595.52826246145,173155.68333333332,70659.39499999999,76352.9030776923,1785.316
Italy,2009,91.0,2,58788.90230022337,554995.25,66819.055,76483.57769230769,
Italy,2010,95.095,2,59587.45998162162,191477.95833333334,68230.21,76540.40846153846,11098.76
Italy,2011,104.905,2,58595.28097360067,188741.05833333335,65265.78,76508.71153846153,
Italy,2012,99.765,2,57062.08701925006,200006.81666666665,64019.445,76544.24538461538,777.463576923077
Italy,2013,98.345,2,51489.63579717243,225174.31666666665,61808.45,76640.70153846154,
Italy,2014,101.695,2,48890.25643638163,237073.2616666667,59444.565,76676.69769230769,
Italy,2015,77.7,1,50070.309455638155,254484.785,60754.155000000006,76738.84692384615,762.7729642857142
Italy,2016,74.7,1,49558.83972467726,305189.27499999997,60236.45,71703.87214285714,306.87666666666667
Italy,2017,72.6,2,50114.05897018905,323986.0883333333,60784.245,77198.08076923076,304.1133333333333
Italy,2018,72.2,1,47757.995722005275,332157.49333333335,60844.255000000005,77305.39077,1819.73
Italy,2019,73.8,1,46518.22722615499,338137.52499999997,60218.2,77401.6976923077,300.64000000000004
Italy,2020,70.59,2,42752.33747448647,355027.5983333333,55097.2,77549.77615307692,1802.15
Italy,2021,72.88999999999999,2,47664.82528051578,370240.815,60651.365,77630.15222999999,
Italy,2022,71.45,2,47626.61431689464,397458.44166666665,58399.515,77765.76153846153,1763.3880000000001
Italy,2023,68.37,2,43074.51142099139,415196.4683333333,56243.725000000006,77856.58923153846,
Italy,2024,66.39500000000001,2,,424943.7316666667,,62729.799999999996,1516.08
Latvia,1995,102.97,1,428.3526482608766,1359.92,1992.905,18434.833333333332,6.666666666666667
Latvia,1996,107.4,1,412.7550100483232,1359.3799999999999,1961.335,18440.500000833334,
Latvia,1997,108.08,1,495.5328439550257,822.375,1934.245,18446.166666666668,
Latvia,1998,113.27,1,507.2890317825917,1362.08,1874.465,18451.833333333332,165.51666666666668
Latvia,1999,110.29,1,724.2364428842469,1358.42,1770.48,18457.5,152.83333333333334
Latvia,2000,100.0,1,346.1681210568394,831.14,1699.775,18463.1666665,14.222659090909092
Latvia,2001,121.84,1,338.6054865489125,826.74,1854.6899999999998,18474.093334083333,13.799911111111111
Latvia,2002,103.85,1,490.7211604566335,835.1600000000001,1883.875,18485.020000666667,15.955255319148934
Latvia,2003,105.35,1,557.2008583408503,826.3399999999999,1974.405,18495.946667416665,16.225021276595744
Latvia,2004,93.75,1,882.2472854107309,5073.833333333333,2032.7849999999999,17103.344615384616,14.516702127659574
Latvia,2005,100.235,2,960.1227708263825,20530.616666666665,2094.0350000000003,17184.584615384614,14.493765957446808
Latvia,2006,97.005,2,952.8761830585466,30006.283333333336,2185.3999999999996,17238.132308461536,12.65491489361702
Latvia,2007,103.50999999999999,2,1056.1520885838208,25501.733333333334,2264.8250000000003,17227.44923076923,11.218212765957446
Latvia,2008,108.46000000000001,2,956.4425174416544,27741.833333333332,2147.005,17246.68923153846,11.249367346938774
Latvia,2009,98.56,2,1151.0368951309038,27502.399999999998,2071.375,17256.929231538463,10.387612244897959
Latvia,2010,101.08,2,1449.0068433273514,28518.516666666666,2109.675,17270.015385384617,11.211530612244898
Latvia,2011,97.47999999999999,2,1307.7291478804264,31482.05,1994.065,17289.476923846152,8.806469387755103
Latvia,2012,96.14,2,1166.6873908935531,33420.683333333334,2073.725,17302.477154615386,9.192836734693877
Latvia,2013,105.01,2,1275.259773364882,31786.95,1992.59,17299.784770000002,9.122530612244898
Latvia,2014,101.91499999999999,2,1622.4452323799355,34733.9,2007.495,17316.553923076925,8.273979591836735
Latvia,2015,104.625,2,1522.0987186794616,39435.683333333334,1973.53,17342.323154615384,8.552489795918367
Latvia,2016,88.265,2,1362.550548355133,44050.450000000004,1981.02,16137.444499285715,8.690938775510205
Latvia,2017,94.135,2,1239.3573187422157,45671.950000000004,2073.985,17381.94169153846,9.130510204081633
Latvia,2018,88.83500000000001,2,1519.2655927689443,47593.65,2154.395,17396.25092307692,9.718
Latvia,2019,82.82,2,1352.3096409628345,49173.71666666667,2109.24,17408.94469230769,9.174959183673469
Latvia,2020,90.125,2,1514.160905255512,49405.11666666667,2051.02,17415.561615384617,8.305
Latvia,2021,85.025,2,1672.2462689750573,51248.11666666667,2141.77,17429.150769461536,6.615857142857143
Latvia,2022,74.16499999999999,2,1922.3301373433824,53021.299999999996,2056.22,17442.355384615385,5.742571428571428
Latvia,2023,84.005,2,1803.1490746856357,50403.76666666666,2032.2150000000001,17435.329307846154,5.811816326530612
Latvia,2024,75.715,2,,52092.78333333333,,23069.293333333335,5.562551020408163
Lithuania,1994,70.358,1,2700.5937813584683,2008.6200000000001,2653.965,17542.5,
Lithuania,1995,65.291,1,2591.959653039258,2003.9800000000002,2650.245,17548.75,
Lithuania,1996,68.782,1,3178.2587293062957,1668.0333333333335,2637.28,17554.999999166666,
Lithuania,1997,85.909,1,2999.8922559498237,1668.3833333333332,2620.0350000000003,17561.25,
Lithuania,1998,87.278,1,2431.7988936471215,1666.3,2614.71,17567.500000333333,
Lithuania,1999,93.934,1,2104.954375926307,1664.4833333333333,2391.485,17573.749999666667,
Lithuania,2000,100.0,1,1682.0154852647004,1109.2,2247.42,17579.9999995,198.9904884
Lithuania,2001,83.634,1,1959.6921505129303,640.76,2356.18,17592.5,241.2326516
Lithuania,2002,61.09,1,2084.969076376385,635.42,2449.0099999999998,17605.0,275.9460112
Lithuania,2003,98.209,1,2170.9028430351764,1125.3799999999999,2521.665,17617.499999166666,310.9477902
Lithuania,2004,82.827,1,2313.6567281113953,6243.028571428571,2600.46,16303.461538461539,297.21156116
Lithuania,2005,90.836,1,2494.8929006731587,10306.271428571428,2722.6150000000002,16338.307691538463,212.00766439999998
Lithuania,2006,79.189,1,2574.18204422673,14885.4,2871.79,16371.307693076922,190.68311559999998
Lithuania,2007,69.587,1,2648.8719244624813,18237.214285714286,3242.57,16401.076923846154,217.3275212
Lithuania,2008,73.528,1,2495.4216164348886,18488.32857142857,3135.79,16413.23076846154,220.56042560000003
Lithuania,2009,82.571,1,1969.9600638505563,19499.928571428572,2681.055,16430.07692346154,242.45683440000002
Lithuania,2010,86.439,1,1808.6689963628978,21618.842857142856,2754.9049999999997,16452.769230846156,107.5360076
Lithuania,2011,77.434,1,1835.529114830896,22874.085714285717,2985.145,16461.923077153846,82.84302
Lithuania,2012,72.063,1,1889.2294865649308,23500.100000000002,3044.005,16467.76923023077,86.4021328
Lithuania,2013,74.55,1,1774.263700403479,24853.714285714286,2873.575,16475.923076692306,70.56998423076924
Lithuania,2014,80.485,1,1843.9823934797128,24666.285714285714,2945.865,16474.307692076924,74.57542032692308
Lithuania,2015,79.293,1,1966.8269720840506,31683.29857142857,2991.9249999999997,16514.76923076923,70.85890407692307
Lithuania,2016,69.361,1,2050.652510475637,32819.397142857146,3070.76,15342.598571428573,67.16758996153847
Lithuania,2017,64.028,1,2115.0061463967863,34589.857142857145,3272.105,16533.827692307692,64.57792971153846
Lithuania,2018,58.5,1,2169.371478020427,35388.84285714286,3331.7999999999997,16539.08769153846,60.207096826923085
Lithuania,2019,61.69,1,2211.7278216539275,35757.32571428571,3364.07,16541.73230846154,64.18252015384616
Lithuania,2020,50.91,1,2205.21339754665,34803.95857142857,3248.71,15414.707141428571,87.98696401923077
Lithuania,2021,46.36,1,2203.760700583664,38565.44857142858,3361.055,16559.86153830769,80.57923046153846
Lithuania,2022,45.24,1,1993.616172831547,39923.75,3020.865,16568.115383384615,64.77216194230769
Lithuania,2023,47.65,1,1972.4733826927252,37764.694285714286,2991.625,16558.446155,61.75495261538461
Lithuania,2024,48.94,1,,36955.38142857143,,14756.733333333332,66.42514728846153
Luxembourg,2010,100.0,2,1736.3816761219339,562.8671428571429,1984.9850000000001,673.8938607692307,0.0
Luxembourg,2011,117.098701298701,2,1708.4523034373924,562.8814285714286,1981.74,673.8553992307692,10.5
Luxembourg,2012,106.155844155844,2,1665.7560710947885,636.71,1938.66,674.378476923077,10.5
Luxembourg,2013,102.5006493506492,2,1576.1408041471739,681.8885714285715,1914.1599999999999,674.6861684615385,14.6475
Luxembourg,2014,82.1818181818182,2,1511.7188967723882,688.0585714285714,1834.075,674.6784684615384,15.0625
Luxembourg,2015,78.01623376623374,2,1449.502553667946,649.0285714285714,1801.21,674.4784769230769,3.4491500000000004
Luxembourg,2016,92.3863636363635,2,1406.517832275248,693.2585714285715,1803.755,627.5514357142857,3.4034
Luxembourg,2017,94.54155844155821,2,1440.617862111641,824.29,1839.2450000000001,628.1612285714285,3.6439999999999997
Luxembourg,2018,95.10584415584395,2,1496.981492481445,872.7071428571428,1906.725,628.3660142857143,3.8794285714285714
Luxembourg,2019,78.4116883116883,2,1508.3314752712224,877.2671428571429,1931.68,628.3515142857143,4.062904761904762
Luxembourg,2020,120.2467532467535,2,1260.1577411318297,920.8785714285714,1665.88,628.5327285714286,3.834285714285714
Luxembourg,2021,106.18896103896085,2,1295.3180739109969,1031.8414285714287,1751.705,629.046085,3.9301000000000004
Luxembourg,2022,92.6883116883117,2,1120.2764095079915,1226.2657142857145,1544.91,646.4157285714285,3.5509999999999997
Luxembourg,2023,105.60974025974,2,1066.3991822505602,1295.162857142857,1493.1699999999998,632.1991564285714,3.9182105263157894
Luxembourg,2024,114.5123376623375,2,,1412.1557142857143,,591.3333333333334,4.007894736842106
Netherlands,1990,111.32997279470749,2,28314.354167293302,2077.516666666667,28851.74,9383.608333333334,557.48
Netherlands,1991,106.3237399417485,2,29296.51851686503,2349.0499999999997,30068.199999999997,9384.789166666667,347.0
Netherlands,1992,106.7456606361915,2,29296.81579897905,2477.3166666666666,29683.39,9385.969999166666,694.5
Netherlands,1993,106.51641902185315,2,29401.540401794406,2487.2999999999997,30306.165,9387.150834166667,674.5
Netherlands,1994,109.9115778873235,2,29419.969800122,2553.633333333333,30389.85,9388.3316675,687.0
Netherlands,1995,102.68814946620469,2,29488.601110048603,2944.7999999999997,30953.67,9389.512499999999,514.2
Netherlands,1996,100.42717833278465,2,30719.683519731218,2622.5285714285715,33126.07,9390.693333333335,878.7352941176471
Netherlands,1997,109.004989177713,2,29604.539559327062,823.8000000000001,31758.525,9391.874166666666,515.875
Netherlands,1998,103.1550312667395,2,29628.559980922768,3875.414285714286,31654.045,9393.055,511.55
Netherlands,1999,94.94281577663341,2,28165.48765471508,4479.5,31607.105,9394.2358325,519.75
Netherlands,2000,100.0,2,27969.340015769467,5329.342857142858,31739.34,9395.4166675,176.50818181818184
Netherlands,2001,96.6495070187223,2,28237.17303829575,5823.728571428571,32055.895,9396.581666666667,2074.3820588235294
Netherlands,2002,92.58911342826585,2,27902.860392223945,6791.614285714286,32276.225,9397.7466675,163.00666666666666
Netherlands,2003,95.57225523410835,2,27952.68886102778,6688.4857142857145,33416.885,9398.9116675,1347.81
Netherlands,2004,92.7772064869237,2,28145.545595969234,7591.142857142857,33633.515,8714.07076923077,1397.5163461538464
Netherlands,2005,92.256980519222,2,27449.555061449606,7676.099999999999,33455.31,8716.376923076923,1281.690769230769
Netherlands,2006,89.43747075054135,2,26793.93457457428,7614.2,33100.57,8717.144615384615,1254.3061538461538
Netherlands,2007,88.73142043467854,2,26652.291896132243,7407.900000000001,32524.83,8717.143076923077,1262.2109615384616
Netherlands,2008,88.0453361154576,2,26731.381362668613,7911.085714285714,32354.07,8720.833846153846,1246.6103846153846
Netherlands,2009,83.23530846055915,2,26010.704632327383,7748.342857142858,31912.51,8716.447693076923,1334.1017307692307
Netherlands,2010,84.9244632116184,2,27451.90534102208,7288.161428571429,34648.47,8714.83076923077,1326.1419230769231
Netherlands,2011,86.22778000225381,2,25707.090756995338,7420.674285714286,32018.305,8713.26923,1282.9940384615386
Netherlands,2012,84.60063787784036,2,25161.289443026297,7535.585714285714,32395.23,8712.707692307693,1325.158076923077
Netherlands,2013,81.5714885050933,2,25078.691528124527,7669.585714285714,31807.255,8704.453846153845,1408.298653846154
Netherlands,2014,85.9024165158482,2,24142.949864585196,7700.028571428571,29309.125,8702.969230769231,1407.3378846153848
Netherlands,2015,88.53701655552734,2,25094.99510351413,7718.108571428572,29694.615,8702.484614615385,1479.8511538461537
Netherlands,2016,87.8170990828184,2,25146.34044821114,8429.844285714285,30502.965,8089.914285714286,1466.94
Netherlands,2017,87.96393707842066,2,24732.477526474704,9123.369999999999,31074.379999999997,8710.09999923077,1377.2957692307693
Netherlands,2018,85.46286729973146,2,24053.932051365977,9787.487142857144,30859.875,8713.984615384616,1312.666903846154
Netherlands,2019,84.96753975760035,2,23311.223013788447,10392.774285714286,30099.025,8717.459999230769,1342.539596153846
Netherlands,2020,87.1468109447973,2,21210.80829998414,10896.848571428573,29298.425,8720.528461538463,1292.1015384615384
Netherlands,2021,86.7639588100616,2,21486.524135763128,11577.107142857143,29899.059999999998,8724.542306923076,1361.1453745
Netherlands,2022,86.93936456541815,2,19830.310283476425,12105.162857142857,26203.605,8727.743076923078,551.9615142857143
Netherlands,2023,84.6150334353534,2,18510.244953904363,13224.99142857143,25793.82,8130.252864285714,501.0348511111111
Netherlands,2024,83.3563313433273,2,,13652.935714285715,,2459.2000000000003,
Norway,1996,95.44999999999999,2,5822.166615605642,1551.1714285714286,9819.425,103152.03333318334,209.0
Norway,1997,92.95,2,5443.056774265121,2097.8142857142857,9786.134999999998,103150.49999965,
Norway,1998,98.65,2,5451.298205839849,2653.442857142857,10196.26,103148.96666641667,293.0
Norway,1999,104.15,2,5011.9816292033,3105.1857142857143,10299.165,103147.43333302501,608.6666666666666
Norway,2000,100.0,2,5139.1099056275825,3355.414285714286,10060.605,103145.89999979165,317.6
Norway,2001,93.75,2,4915.337956032986,4235.542857142857,10365.565,103141.79999976668,343.375
Norway,2002,92.65,2,4692.71680958023,5074.128571428571,10151.75,103137.69999991667,400.8333333333333
Norway,2003,96.9,2,4879.599477241376,5875.914285714286,10268.1,103133.599999325,190.14
Norway,2004,90.35,2,4896.37924621805,6283.7,10413.019999999999,95227.99230705385,194.20000000000002
Norway,2005,86.6,2,4625.51185757308,6563.371428571429,10402.425,95225.74615387691,179.59599999999998
Norway,2006,84.5,2,5042.294498240649,6793.228571428571,10375.435,95223.51538477693,179.36520000000002
Norway,2007,92.3,2,5126.507987136209,7397.342857142858,10668.414999999999,95222.80769143076,161.98333333333332
Norway,2008,91.5,2,4547.450464315735,7877.414285714286,10654.230000000001,95221.33076812307,155.76416666666665
Norway,2009,77.25,2,4405.439959330192,28367.5,10212.14,95221.19238447692,144.1875
Norway,2010,78.1,2,4569.193617293026,8581.028571428571,10971.525,95217.76153839231,0.1
Norway,2011,76.9,2,4499.324301608592,8419.014285714286,10572.415,95214.40923064615,0.2
Norway,2012,70.85,2,4503.174767986064,8295.4,10671.490000000002,95211.27999943077,0.2
Norway,2013,70.2,2,4804.979497022813,7779.0142857142855,10648.785,113651.9298461154,0.1
Norway,2014,75.85,2,5032.0451843197125,7516.8,10431.609999999999,113646.0523079077,0.13
Norway,2015,65.15,2,5402.584809899866,7204.042857142857,10629.664999999999,113651.72000063077,178.49296333333334
Norway,2016,68.4,2,5418.572049573135,7199.497142857143,10722.29,105858.99500044285,174.851395
Norway,2017,73.85,2,5151.513853945625,7116.674285714286,10885.525,113639.5807688077,175.24206833333332
Norway,2018,69.35,2,5411.729580843521,7022.267142857143,10951.655,113635.27461617693,187.31883000000002
Norway,2019,69.8,2,5545.425085876814,6869.38,10896.265,113630.1169225,178.76462833333332
Norway,2020,73.25,2,4756.029586936102,6851.511428571429,10690.175,113448.37846140002,175.52317666666667
Norway,2021,73.30000000000001,2,5181.687313721437,6815.458571428571,11115.955,113444.09230717692,174.67190666666667
Norway,2022,78.75,2,5259.5234696695425,6968.912857142857,10686.585000000001,113443.03076948461,172.82709283333335
Norway,2023,75.3,2,4450.580544127553,6949.625714285714,10717.51,113441.1615387,169.6820315
Norway,2024,77.3,2,,22587.5,,80740.46666666667,
Poland,2000,100.0,2,47473.77673530808,8464.85,31193.425000000003,84663.33333333333,1024.665714285714
Poland,2001,101.035,2,47956.976990782976,8457.883333333333,31235.32,84685.83333333333,995.3371428571427
Poland,2002,98.19,2,45908.33152822671,7846.466666666667,30813.875,84708.33333333333,1012.1342857142856
Poland,2003,96.19,2,47377.28495871553,11130.471428571429,31705.825,84722.5,951.925641025641
Poland,2004,104.63,2,47086.94500983591,18310.257142857143,32626.574999999997,78303.84615384616,946.1333333333332
Poland,2005,103.715,2,47173.525045202114,29382.214285714286,33135.24,78388.46153769232,917.265
Poland,2006,101.725,2,49544.66948387381,29845.81428571429,34320.03,78454.61538538462,1029.1894736842105
Poland,2007,96.62,2,50010.20646512495,47490.62857142858,34281.8,78521.53846153847,965.5800000000002
Poland,2008,113.42500000000001,2,49179.02377846188,51061.385714285716,34843.91,78560.00000076923,881.2175
Poland,2009,102.445,2,46957.295668741695,58658.27142857143,34290.735,78655.38461538461,889.2950000000001
Poland,2010,102.16,2,49236.14296538211,80343.98571428572,36839.28,78755.38461615384,899.0424999999999
Poland,2011,105.635,2,48556.82007088536,92907.54285714286,36013.085,78827.84615384616,935.4225
Poland,2012,103.685,2,47589.84627115737,99396.24285714285,35766.17,78884.15384615384,903.7299999999999
Poland,2013,103.205,2,46962.25391856594,101403.25714285715,35192.26,78902.69230769231,883.555
Poland,2014,103.055,2,45963.1048343917,99712.59999999999,34297.16,78904.46153769232,919.9230769230769
Poland,2015,105.64,2,46588.99709420167,88682.57142857143,34904.765,78859.0,899.0615384615385
Poland,2016,111.43,2,47418.66806512354,82365.47142857143,37078.355,73362.95714285715,876.2687750000001
Poland,2017,107.29,2,49272.64528838573,76463.52714285713,39466.725,78806.67692307693,829.6507250000001
Poland,2018,95.54,2,49330.868740466074,75012.71142857142,41204.024999999994,78803.24615384615,803.24435
Poland,2019,103.55000000000001,2,48034.490748514385,78300.57857142857,40522.655,78818.43076999999,746.71625
Poland,2020,104.27,2,46118.9214126429,78614.72857142857,39780.505000000005,78831.15384615384,691.451219512195
Poland,2021,103.02000000000001,2,49633.36871845187,84274.74571428572,41447.145000000004,78862.12230776923,730.8334146341463
Poland,2022,103.62,2,46294.05077441072,84935.77714285713,39810.645000000004,78870.09230776923,739.8226829268292
Poland,2023,109.425,2,42600.83054621032,96529.11857142857,38151.295,74702.62857142858,638.0019512195122
Poland,2024,102.185,2,,104476.62,,63258.93333333333,647.4907317073171
Portugal,2004,100.0,2,9908.65052856116,37557.115,10467.775,23847.499923846157,
Portugal,2005,102.3970365331885,2,10423.060495901615,34841.27285714286,10487.215,23865.146153076923,177.04999999999998
Portugal,2006,101.12201566529299,2,9337.856523672997,40012.41142857143,10050.595,23859.79230846154,186.6
Portugal,2007,100.86172897985949,2,9029.514157762504,35261.92428571429,10395.2,23864.284615384615,177.27142857142857
Portugal,2008,102.14008586581551,2,8468.937763717417,32664.52142857143,9932.76,23845.084614615385,213.88333333333335
Portugal,2009,99.99565335425851,2,8252.756327099407,24504.925714285717,9633.789999999999,23821.34623153846,228.1833333333333
Portugal,2010,98.43778958247,2,7849.584246812463,32140.278571428575,9644.63,23855.300000769228,
Portugal,2011,99.10022972963549,2,7698.260094428214,33788.572857142855,9232.705,23869.367692307693,345.6121
Portugal,2012,101.81793616938049,2,7680.607479289699,31323.372857142855,8353.269999999999,23865.896923076925,315.69
Portugal,2013,105.4328907396135,2,7395.015074850482,30686.307142857142,8275.51,23875.933076153844,323.03235
Portugal,2014,101.93957522541135,2,7165.060194848469,32874.13857142857,8260.055,23896.783846923077,321.9032
Portugal,2015,96.6503278011649,2,7761.222648932074,36941.17571428572,8291.55,23928.39076923077,330.6569
Portugal,2016,106.6526078628475,2,7738.769970731617,37301.93142857143,8251.305,22236.151429285714,333.88495
Portugal,2017,103.013595840213,2,9545.84364855846,38607.40285714286,8401.735,22245.809785714286,342.7155
Portugal,2018,94.36254966550585,2,7630.426707242392,32605.41285714286,8275.82,22220.162572142854,331.90085
Portugal,2019,97.62326719277411,2,7257.99755815007,43963.56285714286,8576.355,22222.674427857146,336.98435
Portugal,2020,100.87090895045145,2,6530.830192293529,47645.51142857143,7991.985,22302.910928571426,1.497
Portugal,2021,101.8542274921776,2,6441.609973442645,111829.83714285714,8328.02,22298.672499285716,
Portugal,2022,101.75,2,6637.043881870245,110274.18142857144,8316.775,22302.4705,
Portugal,2023,106.9,2,6151.299904778153,124593.24571428572,8225.67,22580.874642857143,
Portugal,2024,96.4,2,,116308.49,,22379.853333333333,
Slovak Republic,2005,100.0,2,6483.13310431189,15906.183333333334,5938.97,13702.216583333333,351.7
Slovak Republic,2006,96.01,2,6153.513958019884,17950.714285714286,5767.155,13703.591583333333,334.08
Slovak Republic,2007,102.725,2,5943.607961118603,17721.35714285714,5835.315,12741.43076923077,322.15
Slovak Republic,2008,108.275,2,6104.578162746019,21128.62857142857,5983.570000000001,12760.7,320.14
Slovak Republic,2009,101.14,2,5560.8971737852735,21652.928571428572,5490.725,12764.430769999999,317.26
Slovak Republic,2010,96.02,2,5770.992252550195,25843.971428571425,6148.110000000001,12790.776923076923,310.45
Slovak Republic,2011,93.75,2,5578.638052055463,24666.87142857143,5900.18,12785.213692307692,303.77
Slovak Republic,2012,86.86500000000001,2,5148.388342281367,24249.864285714284,5570.3550000000005,12782.573614615385,305.57
Slovak Republic,2013,79.48,2,5043.14880689889,23307.87857142857,5703.285,12779.472076923075,293.93
Slovak Republic,2014,89.16999999999999,2,4966.059951125896,26559.455714285716,5128.265,12792.524616153845,285.53
Slovak Republic,2015,87.20500000000001,2,5009.5962276767705,26737.914285714283,5389.44,12794.638616153847,288.13
Slovak Republic,2016,96.52,2,5084.283676265011,27473.782857142858,5536.68,11935.67,286.5
Slovak Republic,2017,91.965,2,5240.500269441667,27756.801428571427,5916.37,12802.836923076924,294.0
Slovak Republic,2018,75.02000000000001,2,5307.921815226215,27737.095714285715,5932.28,12804.17846076923,293.0
Slovak Republic,2019,76.735,2,4932.368889858978,28961.772857142856,5708.09,12812.22376923077,293.0
Slovak Republic,2020,84.935,2,4364.193443291568,32578.95857142857,5499.865,12833.16623076923,294.0
Slovak Republic,2021,79.735,2,4874.99726112136,36396.86142857143,5949.555,12855.228461538461,297.9
Slovenia,2008,100.0,1,2224.7514653214703,4432.47,2913.705,5646.107769307693,6933.651666666668
Slovenia,2009,95.5,1,1956.3628382699696,4360.882857142858,2566.01,5647.04615476923,6932.743333333333
Slovenia,2010,80.5,1,1990.9008334221596,4550.177142857143,2658.735,5649.184616,4392.271428571428
Slovenia,2011,82.5,1,1988.5875431129705,4751.568571428572,2606.7450000000003,5650.384615461538,3534.2719047619053
Slovenia,2012,84.5,1,1912.0366287011718,5179.83,2541.995,5652.799915307692,2692.546875
Slovenia,2013,80.7,1,1966.5405321230483,5689.027142857143,2483.76,5686.000000307692,3176.95625
Slovenia,2014,79.6,1,2253.2391065396982,6057.675714285715,2405.0600000000004,5688.107615307692,2916.9513636363636
Slovenia,2015,72.6,1,2288.1030121466447,6191.417142857143,2448.1299999999997,5689.392308153846,1841.376590909091
Slovenia,2016,75.6,1,2416.667490276057,6390.825714285714,2536.9249999999997,5283.975642857143,2203.4934782608693
Slovenia,2017,75.9,1,2424.7310265931974,6769.577142857143,2575.1749999999997,5675.516922461538,1752.7217391304348
Slovenia,2018,78.3,1,2412.148534162297,7000.660000000001,2581.46,5675.859998999999,2078.3658695652175
Slovenia,2019,77.0,1,1879.3541047109545,7257.102857142857,2540.6800000000003,5676.603153923077,1961.7615217391303
Slovenia,2020,81.1,1,1737.688923501669,7282.227142857142,2313.1349999999998,5676.084692538462,2303.0797933
Slovenia,2021,76.3,1,1759.354856525449,7569.838571428571,2474.975,5677.603076846154,2076.2830434782604
Slovenia,2022,74.0,1,1702.5504413758579,7766.547142857143,2452.65,5678.613846153847,1736.9680434782608
Slovenia,2023,76.2,1,1598.7752240764457,7967.22,2319.0299999999997,5679.355384076923,2382.323695652174
Slovenia,2024,77.1,1,,8280.545714285714,,8290.706666666667,2254.363043478261
Spain,1998,95.550155668808,2,36688.20847697161,57763.4,39919.655,139127.56166608332,460.9263157894737
Spain,1999,99.05196251744951,2,39447.0883391532,70401.75,41146.335,139393.32583308333,483.72105263157897
Spain,2000,100.0,2,41070.155238361265,74962.25,44025.36,139503.26666624998,1803.671111111111
Spain,2001,97.54567153207105,2,40792.27314296393,92197.2,45989.130000000005,139547.62416658332,1794.9466666666667
Spain,2002,98.05787768082935,2,42921.039248787754,122166.66666666667,46634.635,139781.98083316666,1840.4399999999998
Spain,2003,98.05293609780655,2,43754.60835455889,132200.01666666666,49400.805,139937.17333383334,1852.917777777778
Spain,2004,99.79083882550775,2,47266.22019921796,128881.31428571428,51273.305,129713.32769207693,1837.9555555555555
Spain,2005,97.10866606551335,2,48823.69913282219,139640.61428571428,52499.9,129859.88769215385,2353.789583333333
Spain,2006,92.99489948712265,2,47902.196545040926,156188.11428571428,50999.545,130043.98846023077,2260.608333333333
Spain,2007,94.769791016919,2,49373.01621367319,165165.80000000002,52262.135,130229.54846123078,2125.716
Spain,2008,99.3002803280572,2,45317.44205250439,212056.32857142857,50280.56,130545.03230784615,2102.43
Spain,2009,95.45465062510905,2,40937.77136673508,249724.62285714288,46645.48,130791.36923053846,2123.376
Spain,2010,93.9614039301832,2,38846.21432245683,250909.6585714286,47234.840000000004,131209.38538430768,2124.478
Spain,2011,99.36422120926615,2,38034.933304530874,280852.63714285713,45619.445,131337.71307715384,2114.37688
Spain,2012,98.23284951375125,2,37331.483687892236,276701.8128571428,43666.985,131517.270769,2057.78092
Spain,2013,92.95368418412895,2,34249.53638221219,258708.74714285714,41907.32,131405.99846138462,1955.84372
Spain,2014,96.40260519638755,2,34168.57049337627,272321.6742857143,40642.545,131448.2492313077,1978.9574400000001
Spain,2015,95.65648495192855,2,35395.911986524785,305912.21,41313.435,131598.8084626923,1901.57128
Spain,2016,95.73880891772879,2,34026.34644126063,316090.53142857144,42429.48,122807.80285714286,1875.67
Spain,2017,95.16216881370885,2,35585.05239969491,324446.71,43502.704999999994,131794.78846215384,1798.754
Spain,2018,88.14139453060551,2,34847.15407273729,346723.0342857143,44430.31,131994.08153730768,1836.6
Spain,2019,92.29660480146424,2,32815.6773474906,361097.2128571429,44488.15,125412.18142835714,1804.7020000000002
Spain,2020,86.67649359487785,2,28377.69138574346,371673.65285714285,40245.195,125591.13428542858,1829.3016
Spain,2021,91.3024029517979,2,29225.37483368804,399656.88714285713,43201.93,125899.6249995,
Spain,2022,90.4778453578466,2,31007.712410951306,401289.8242857143,42339.285,126089.42999935713,
Spain,2023,91.8128275044158,2,27317.703804496556,443491.68,41682.505,126335.20571507142,
Spain,2024,87.8414690374706,2,,440018.28285714285,,127350.92666666668,
Sweden,1998,91.912458656036,2,4357.273230447424,22706.75,18579.195000000003,128635.79083366667,2038.2
Sweden,1999,92.96690669490435,2,3913.739964535935,27376.216666666664,18204.184999999998,128644.12416591666,3152.2727272727275
Sweden,2000,100.0,2,3631.3157019524465,30462.899999999998,18004.705,128652.45749976666,1797.8285714285714
Sweden,2001,99.74489795058506,2,3646.0261577169817,35269.36666666667,17919.600000000002,128644.95749968333,
Sweden,2002,96.3331378208086,2,3751.101270681702,37176.166666666664,18144.86,128637.45750066667,
Sweden,2003,97.10930409068645,2,3944.8800371239195,39114.450000000004,17844.489999999998,128629.95750016667,
Sweden,2004,111.48107782224275,2,4132.47754584681,38509.13333333333,17760.69,118899.26846146154,
Sweden,2005,99.66080826809164,2,3610.9754135007165,38638.36666666667,17486.785,118892.80692276923,1892.0285714285715
Sweden,2006,91.26078141777235,2,3162.9692244855655,39063.25,17435.46,118887.96076946154,
Sweden,2007,107.05762000670325,2,2940.2497694367657,52858.18333333333,17566.735,118944.72999946153,
Sweden,2008,99.0231018078092,2,2823.401539086156,57534.68333333333,17113.745,118959.49923069231,
Sweden,2009,96.85863102942369,2,2358.0518540428416,66714.78333333334,16308.064999999999,118989.960769,
Sweden,2010,98.6365196498769,2,3043.0233591135334,63932.799999999996,17705.13,119024.49923030769,1592.9019607843138
Sweden,2011,96.33465375491924,2,2559.117094917584,69846.82857142857,16878.77,119042.2684613846,
Sweden,2012,104.51851969261611,2,2342.4656084310373,69477.6,16855.12,119025.9599996923,
Sweden,2013,100.9187276966403,2,2145.340420857511,72808.80571428571,16695.975,125262.614615,
Sweden,2014,101.75187252832791,2,2036.5048496518978,72924.52714285714,16245.995,125248.84538461539,
Sweden,2015,98.98165124812519,2,2229.423918335521,75374.03285714285,16437.085,125243.1169233077,1379.5094339622642
Sweden,2016,96.7110271625732,2,2456.166955384838,80186.5457142857,16784.835,116334.25142842857,
Sweden,2017,103.00960488774246,2,2877.7559979469097,83632.31000000001,16960.844999999998,125273.57923007692,
Sweden,2018,94.70223371669354,2,3339.5475594913714,88185.71571428572,16649.495,125291.116923,
Sweden,2019,104.39486783751045,2,3168.781440647387,88931.00857142858,16570.26,125314.7699996923,
Sweden,2020,105.2862429931653,2,2692.9206967593122,88442.30285714286,16011.81,125305.38461546155,1227.0566037735848
Sweden,2021,102.3258899535987,2,3135.1871942450757,87887.64142857143,16760.355,125302.30769192308,
Sweden,2022,103.28114163472685,2,2970.2708880713176,86532.24285714285,15946.42,125294.61538407693,
Sweden,2023,100.43092554796766,2,3183.1278327930554,79774.02857142857,16170.725,125241.53846184615,
Sweden,2024,99.63062019721082,2,,72005.60428571429,,186226.66666666666,
Switzerland,1990,109.4058905552935,2,6799.034099316057,9981.0,9176.55,10999.220416666665,543.5
Switzerland,1991,103.2183402065451,2,6690.895936740916,,9647.69,11002.79025,553.5
Switzerland,1992,104.6162370647497,2,6840.523653650697,,9659.81,11006.360166666667,554.0
Switzerland,1993,108.91295201438899,2,6473.325014853581,,9370.495,11009.9298325,497.25
Switzerland,1994,107.31768643613945,2,6619.51684561998,,9149.675,11013.500083333332,510.25
Switzerland,1995,106.542933819289,2,6547.7073247194785,,9397.92,11017.069833333333,496.7
Switzerland,1996,104.1822773113159,2,6342.837303687392,27160.5,9610.405,11020.424083333332,488.925
Switzerland,1997,99.3850204529416,2,6462.57959487772,32092.0,9381.505,11023.777416666666,493.5
Switzerland,1998,95.4479209154272,2,6702.055735546768,35638.5,9626.98,11027.131249999999,497.3
Switzerland,1999,94.78529048047365,2,6856.439574340277,39366.5,9880.46,11030.485333333332,491.5
Switzerland,2000,100.0,2,7214.185445584078,41187.5,9697.769999999999,11033.838415833334,467.5
Switzerland,2001,94.39172870386025,2,7064.469460495065,46795.0,9981.654999999999,11036.846333333333,452.5
Switzerland,2002,93.7790216996543,2,6651.802098157852,51129.5,9717.415,11039.854667499998,462.5
Switzerland,2003,96.002638633846,2,6832.946995740739,54339.0,10009.91,11042.863584166667,481.5
Switzerland,2004,101.5256911515369,2,6668.9308954214,57052.5,10081.445,10283.993383846155,445.75
Switzerland,2005,104.96370327171255,2,6959.848120210082,17164.955714285716,10211.615,10288.728230769231,448.25
Switzerland,2006,99.37899884468786,2,7064.418046553593,17260.954285714284,10150.945,10292.019691538462,430.0
Switzerland,2007,103.02834363256845,2,6746.8959118776775,17084.335714285717,9824.045,10293.847385384615,420.5
Switzerland,2008,101.8807788640103,2,6757.4237623544395,16729.86142857143,10153.84,10294.802769230768,425.75
Switzerland,2009,94.4278122266025,2,6545.4210196658105,16429.77,9939.69,10296.10899923077,416.5
Switzerland,2010,102.28765220177814,2,6742.446792470321,16342.768571428573,10354.41,10298.526076923077,406.5
Switzerland,2011,102.6659727323939,2,6139.309845961637,583.2133333333333,9564.445000000002,10304.154076923076,409.25
Switzerland,2012,108.427749947981,2,6552.174468159788,17815.257142857143,9881.185,10310.492615384614,143.1921052631579
Switzerland,2013,99.067353427563,2,6664.960155938309,18715.821428571428,10106.185000000001,10317.404538461538,393.0
Switzerland,2014,104.7352899696402,2,5879.643159293712,19539.588571428572,9265.615,10323.905154615386,385.0
Switzerland,2015,108.48431392320009,2,6237.022665257177,19778.034285714286,9384.550000000001,10327.25246076923,396.75
Switzerland,2016,107.73321862231865,2,5925.519558773288,20477.971428571425,9508.880000000001,10332.359153846153,389.75
Switzerland,2017,109.4571131500376,2,5926.801381422648,21865.79857142857,9402.8,10341.247154615385,392.0
Switzerland,2018,103.81736809982004,2,5976.801003981526,23368.398571428574,9155.4,10350.75076923077,399.25
Switzerland,2019,114.19454590972049,2,5595.255701530887,24638.21857142857,9142.58,10359.00146153846,388.25
Switzerland,2020,119.6483438133985,2,5434.713067769793,25682.231428571427,8667.26,10366.025846923078,395.5
Switzerland,2021,124.308328652203,2,5669.817037627085,26258.79857142857,9133.550000000001,10370.545383846154,383.5
Switzerland,2022,115.762763014344,2,5155.446054645061,26948.22857142857,8456.95,10375.680383846153,389.0
Switzerland,2023,120.898212968448,2,5252.9270045425,27464.79142857143,8300.21,10379.875307692306,386.75
Switzerland,2024,122.4246400180945,2,,27589.79714285714,,8436.72,
United Kingdom,1990,113.712965871189,2,89021.53925101807,8663.098,69721.815,62945.833333333336,7348.0
United Kingdom,1991,110.4074448129435,2,90002.4450183042,8641.414,72622.365,62960.5,7342.7
United Kingdom,1992,106.933961426991,2,87742.74342950633,8648.176,71614.695,62975.166667499994,7165.0
United Kingdom,1993,104.411679983144,2,85607.00486646907,8650.086,72686.81499999999,62989.833333333336,7190.1
United Kingdom,1994,103.17041950447035,2,87433.98523382352,8594.973999999998,72829.065,63004.50000083333,7321.9
United Kingdom,1995,102.77972247323851,2,86648.49570309074,8530.054,72581.47,63019.166666666664,7315.3
United Kingdom,1996,102.582510616665,2,88973.25265933975,8532.142,76408.795,63033.833333333336,7065.2
United Kingdom,1997,102.0695369445245,2,86139.64469360551,8502.284,74486.14,63048.50000083333,6836.2
United Kingdom,1998,101.18758820424449,2,86063.16166212503,8456.248,74678.645,63063.166666666664,6597.3
United Kingdom,1999,100.440659651391,2,83127.18597154305,8423.986,75979.58,63077.833333333336,5243.1
United Kingdom,2000,100.0,2,83178.45949997062,8311.388,75942.84000000001,63092.49999916667,4427.4
United Kingdom,2001,99.61682135400125,2,83473.739063096,8402.936,76025.995,63101.25,4838.8
United Kingdom,2002,99.2824979039278,2,81123.5331053508,130506.21166666667,74538.305,63110.00000083333,4968.4
United Kingdom,2003,99.04655563377284,2,81832.6755557481,122776.95833333333,75335.57,63118.75000083333,4917.2
United Kingdom,2004,98.72046036341456,2,81485.2277040691,119356.90333333332,75587.295,58778.92307692308,5018.4
United Kingdom,2005,98.23370443074779,2,80621.18156967488,110232.09000000001,74827.595,58744.769230769234,3018.657142857143
United Kingdom,2006,97.45849133068175,2,79874.90981416489,110295.59666666666,73434.57,58751.846153846156,3273.8142857142857
United Kingdom,2007,96.62093309872245,2,78372.0866757087,120647.54666666668,71541.18,58803.07692230769,3264.2000000000003
United Kingdom,2008,95.89085907962115,2,76029.55600733862,130832.17,71085.935,58857.384616153846,2781.4
United Kingdom,2009,95.29332305276915,2,69747.09311133526,129908.49166666665,66298.48999999999,58865.769230769234,2466.6625
United Kingdom,2010,95.0799028853881,2,71508.51279763631,126471.46666666667,69026.72499999999,58856.846153846156,2392.925
United Kingdom,2011,94.68894449152461,2,66377.74906482035,116072.99666666666,63240.13,58824.61538461538,1003.4
United Kingdom,2012,93.70412611989495,2,68267.89092463657,107715.11333333333,64508.225,58801.92307769231,2126.125
United Kingdom,2013,92.37686918843065,2,66745.40380949514,102812.64666666667,64796.215000000004,58793.07692307692,
United Kingdom,2014,91.49266722791549,2,61874.78774052563,98230.84666666666,61404.135,58792.32707692307,
United Kingdom,2015,90.5939555918772,2,59563.626202862004,93625.29666666668,62822.865000000005,58785.22515384616,
United Kingdom,2016,89.21874187367536,2,56580.29458949277,91449.71999999999,63872.055,54748.94635714286,
United Kingdom,2017,87.63460736602946,2,55186.467548878565,93080.50166666666,63850.57,58799.17815384615,
United Kingdom,2018,85.93279596304089,2,54359.91385093986,85803.655,64283.865,58777.30084615384,
United Kingdom,2019,84.23391569545176,2,52469.73012934971,87728.95166666666,63295.81,58788.80099999999,
United Kingdom,2020,82.40090155222175,2,47873.10186126705,88253.34166666667,58037.29,58801.70438461538,
United Kingdom,2021,80.60762417369034,2,49627.77441177194,91192.865,60150.21,58823.51192230769,
United Kingdom,2022,79.13760689642895,2,47574.45882507665,91586.86666666668,56960.82,58834.82415461539,
United Kingdom,2023,77.9680030375303,2,45278.14555154037,89678.03833333333,55432.03,58836.021,
United States,1990,107.446,2,730862.1915399142,208334.4,653970.305,2580967.500000833,95903.73
United States,1991,107.68299999999999,2,721962.662400025,208334.4,654736.0,2581058.0,
United States,1992,108.5855,2,733013.6275217902,200048.0,659241.74,2581148.499999167,
United States,1993,107.0395,2,748713.0808859358,203157.0,670210.0650000001,2581238.999999167,
United States,1994,105.8545,2,759212.5616598759,208621.0,686170.795,2581329.5,
United States,1995,105.231,2,770740.3902778904,232646.0,696466.875,2581419.999999167,84009.015
United States,1996,103.892,2,792110.2354800506,418986.3333333333,718524.495,2581510.499999167,
United States,1997,103.63900000000001,2,800083.2369566201,1376170.0,727550.855,2581601.0,
United States,1998,102.0135,2,808244.3912307961,3584743.0,726170.7949999999,2581691.499999167,
United States,1999,101.477,2,815382.4788970881,4951176.166666667,751888.0599999999,2581782.0,
United States,2000,100.0,2,838877.4143651103,4573322.142857143,780188.975,2582610.8333325,87960.105
United States,2001,95.649,2,824432.5590845544,5363874.0,767696.415,2583042.8333333335,
United States,2002,96.349,2,834284.1328650468,5829983.142857143,772089.595,2583474.8333341666,
United States,2003,97.7755,2,838551.48243204,6384963.571428572,779192.235,2583906.8333333335,
United States,2004,97.651,2,859383.2855626022,7119804.857142857,794991.5349999999,2584338.8333333335,
United States,2005,101.622,2,855864.436360765,7491671.857142857,792609.72,2387204.5384615385,84299.13
United States,2006,100.33600000000001,2,844104.2071715966,8111214.857142857,791507.425,2387255.076923077,
United States,2007,101.84049999999999,2,861154.1196354517,8632124.142857144,799486.515,2388075.307693077,
United States,2008,99.769,2,835383.2461673488,9349051.857142856,777010.2899999999,2401582.130769231,
United States,2009,101.307,2,785170.2428499981,9562546.42857143,736465.065,2402150.5384615385,
United States,2010,100.28800000000001,2,806142.3808384681,9927672.799999999,767407.1,2402549.23077,
United States,2011,98.9425,2,782448.6674053315,10298727.157142857,747388.9249999999,2402760.7692315383,
United States,2012,99.431,2,752159.1575474151,11751068.908333333,731361.105,2402972.3076915387,
United States,2013,98.367,2,779791.834861598,11850362.771666666,756527.815,2403360.3846146157,
United States,2014,98.78899999999999,2,784078.5487059043,10822801.742857143,765893.0850000001,2403572.0000007693,
United States,2015,103.65,2,771934.9349320466,10580266.385714287,764747.92,2403668.7692315383,
Wallonia,1990,117.459889602772,2,,,,,
Wallonia,1991,115.25187717261801,2,,,,,
Wallonia,1992,113.1565203494965,2,,,,,
Wallonia,1993,111.1810995424,2,,,,,
Wallonia,1994,109.305762977903,2,,,,,
Wallonia,1995,107.5341508605,2,,,,,
Wallonia,1996,105.872880448001,2,,,,,
Wallonia,1997,104.28605062234101,2,,,,,
Wallonia,1998,102.75463498557,2,,,,,
Wallonia,1999,101.31668633359,2,,,,,
Wallonia,2000,100.0,2,,,,,
Wallonia,2001,98.73343689985501,2,,,,,
Wallonia,2002,97.4753040327574,2,,,,,
Wallonia,2003,96.17646576502725,2,,,,,
Wallonia,2004,94.85080550944645,2,,,,,
Wallonia,2005,93.5459703730388,2,,,,,
Wallonia,2006,92.2815019346638,2,,,,,
Wallonia,2007,91.01903720385374,2,,,,,
Wallonia,2008,89.754435049222,2,,,,,
Wallonia,2009,88.4693179699825,2,,,,,
Wallonia,2010,87.1569064840357,2,,,,,
Wallonia,2011,85.81554984043376,2,,,,,
Wallonia,2012,84.4517030726937,2,,,,,
Wallonia,2013,83.07397289217161,2,,,,,
Wallonia,2014,81.717096338857,2,,,,,
Wallonia,2015,80.3954577524233,2,,,,,
Wallonia,2016,79.0918437101583,2,,,,,
Wallonia,2017,77.8244552345394,2,,,,,
Wallonia,2018,76.55260117895111,2,,,,,
Wallonia,2019,75.30721615459629,2,,,,,
Wallonia,2020,74.0656335590283,2,,,,,
Wallonia,2021,72.82057298325611,2,,,,,
Wallonia,2022,71.5829550407662,2,,,,,
Wallonia,2023,70.35790846271045,2,,,,,
Wallonia,2024,69.14245619577599,2,,,,,
